timestamp_local,elapsed_min,distance_miles,speed_mph,pace_min_per_mile,heart_rate_bpm,cadence_spm,elevation_ft,cum_elevation_gain_ft,temperature_f
2026-03-24T17:35:09-07:00,0.0,0.0,3.0064423765823998,19.957142856736052,120,58,355.6430446179999,0.0,
2026-03-24T17:35:10-07:00,0.016666666666666666,0.0007207905829953073,3.0064423765823998,19.957142856736052,120,57,356.2992125970001,0.6561679790002017,
2026-03-24T17:35:15-07:00,0.1,0.006760518571542194,6.135916249230299,9.778490703409863,119,81,356.95538057599987,1.3123359579999487,
2026-03-24T17:35:21-07:00,0.2,0.018075687982184046,6.033017179793699,9.945272524825086,122,82,351.7060367440002,1.3123359579999487,
2026-03-24T17:35:23-07:00,0.23333333333333334,0.0218846933905989,5.9703829636149,10.049606594025198,125,82,347.76902887,1.3123359579999487,
2026-03-24T17:35:26-07:00,0.2833333333333333,0.027346546170365065,5.990515390243799,10.01583271077418,126,82,343.17585301700007,1.3123359579999487,
2026-03-24T17:35:32-07:00,0.38333333333333336,0.03825782430605265,6.095651395972499,9.843082568606699,129,80,337.92650918500004,1.3123359579999487,
2026-03-24T17:35:35-07:00,0.43333333333333335,0.043918515867334765,6.135916249230299,9.778490703409863,132,82,336.6141732270001,1.3123359579999487,
2026-03-24T17:35:36-07:00,0.45,0.04544087528831623,6.1582856121513,9.742971303833365,133,82,337.27034120599984,1.9685039369996957,
2026-03-24T17:35:40-07:00,0.5166666666666667,0.05282276505209576,6.2209198283301,9.644875943708469,136,80,341.8635170590002,6.561679790000028,
2026-03-24T17:35:42-07:00,0.55,0.05620302433786686,6.2410522549589995,9.613763440664249,139,80,343.83202099599987,8.530183726999724,
2026-03-24T17:35:45-07:00,0.6,0.061391473793048594,6.261184681587899,9.582851018025458,142,81,346.4566929120001,11.154855642999962,
2026-03-24T17:35:52-07:00,0.7166666666666667,0.07391831702855324,6.261184681587899,9.582851018025458,144,81,352.36220472299993,17.06036745399979,
2026-03-24T17:35:53-07:00,0.7333333333333333,0.07512999085341604,6.261184681587899,9.582851018025458,144,81,353.0183727020001,17.716535432999933,
2026-03-24T17:36:01-07:00,0.8666666666666667,0.08876908852302554,6.261184681587899,9.582851018025458,145,80,360.23622047099985,24.934383201999708,
2026-03-24T17:36:03-07:00,0.9,0.09247246082876004,6.2410522549589995,9.613763440664249,147,80,360.23622047099985,24.934383201999708,
2026-03-24T17:36:10-07:00,1.0166666666666666,0.1034583035075161,6.1582856121513,9.742971303833365,149,80,351.7060367440002,24.934383201999708,
2026-03-24T17:36:15-07:00,1.1,0.11207672194384792,6.115783822601399,9.810680321672734,149,80,337.27034120599984,24.934383201999708,
2026-03-24T17:36:22-07:00,1.2166666666666666,0.12584630756382725,6.1582856121513,9.742971303833365,149,80,323.4908136470001,24.934383201999708,
2026-03-24T17:36:30-07:00,1.35,0.1393549172830669,6.2410522549589995,9.613763440664249,151,80,320.86614173099986,24.934383201999708,
2026-03-24T17:36:35-07:00,1.4333333333333333,0.14623971009305653,6.2209198283301,9.644875943708469,154,80,322.17847768900015,26.246719159999998,
2026-03-24T17:36:39-07:00,1.5,0.15187554680664916,6.1582856121513,9.742971303833365,156,80,328.08398950000003,32.15223097099988,
2026-03-24T17:36:48-07:00,1.65,0.16555814045971526,5.9077487474360995,10.156152972151933,158,81,345.14435695400016,49.21259842500001,
2026-03-24T17:36:52-07:00,1.7166666666666666,0.17124990058060924,5.8227451683363,10.304417979044661,161,80,350.3937007859999,54.46194225699975,
2026-03-24T17:36:55-07:00,1.7666666666666666,0.1746612284259922,5.739978525528599,10.453000779210155,162,80,351.7060367440002,55.77427821500004,
2026-03-24T17:36:59-07:00,1.8333333333333333,0.17748846735067206,3.6327845383704,16.516256157298802,162,80,352.36220472299993,56.430446193999785,
2026-03-24T17:37:01-07:00,1.8666666666666667,0.1791599558577905,3.5701503221916,16.80601503725141,160,61,353.0183727020001,57.08661417299993,
2026-03-24T17:37:05-07:00,1.9333333333333333,0.18311187664041995,3.0892090193900996,19.42244750141438,157,58,353.0183727020001,57.08661417299993,
2026-03-24T17:37:06-07:00,1.95,0.18436704644873933,2.9639405870324995,20.243320754304346,156,58,353.0183727020001,57.08661417299993,
2026-03-24T17:37:08-07:00,1.9833333333333334,0.18711350711842836,3.1719756621977995,18.915655852928953,155,0,353.0183727020001,57.08661417299993,
2026-03-24T17:37:09-07:00,2.0,0.18857372942018613,3.4851467430918,17.21591784303803,154,0,353.0183727020001,57.08661417299993,
2026-03-24T17:37:12-07:00,2.05,0.1932588682096556,4.2367573372374,14.161774022942584,152,81,353.6745406809999,57.742782151999734,
2026-03-24T17:37:14-07:00,2.0833333333333335,0.19529696572019406,4.675196850488999,12.833684210264718,152,81,354.33070866,58.39895013099988,
2026-03-24T17:37:18-07:00,2.15,0.19934830589358146,5.0510021475618,11.878830823495683,154,81,356.2992125970001,60.36745406799997,
2026-03-24T17:37:21-07:00,2.2,0.20161631074524777,5.1964030065483,11.546448557663906,156,79,360.89238845,64.96062992099985,
2026-03-24T17:37:22-07:00,2.216666666666667,0.20234952875208778,5.1964030065483,11.546448557663906,157,79,363.5170603659999,67.58530183699975,
2026-03-24T17:37:26-07:00,2.283333333333333,0.20526375964368088,5.176270579919399,11.591356957412815,160,80,375.32808398799995,79.3963254589998,
2026-03-24T17:37:29-07:00,2.3333333333333335,0.20711544579654814,5.0308697209329,11.926367274101045,163,77,381.23359579900017,85.30183727000002,
2026-03-24T17:37:31-07:00,2.3666666666666667,0.20846382128370317,4.820597709475499,12.446589326892463,164,76,385.17060367299996,89.23884514399981,
2026-03-24T17:37:35-07:00,2.433333333333333,0.21019123319812294,4.467161775323699,13.431347020257013,167,77,389.7637795259999,93.83202099699974,
2026-03-24T17:37:36-07:00,2.45,0.2102968663008033,4.362025769594999,13.755076922796542,167,78,391.0761154840002,95.14435695500003,
2026-03-24T17:37:42-07:00,2.55,0.21312410522548317,3.7356836078069993,16.06131736494207,170,73,396.981627295,101.04986876599986,
2026-03-24T17:37:44-07:00,2.5833333333333335,0.2146340372226199,3.6730493916281994,16.335200974088462,169,77,400.26246719,104.33070866099985,
2026-03-24T17:37:47-07:00,2.6333333333333333,0.21637387656088444,3.7356836078069993,16.06131736494207,169,76,406.1679790009999,110.23622047199973,
2026-03-24T17:37:49-07:00,2.6666666666666665,0.21698903404119937,3.6327845383704,16.516256157298802,169,76,410.76115485400015,114.829396325,
2026-03-24T17:37:54-07:00,2.75,0.2194558776743816,3.0467072298402,19.693392070083153,168,0,419.94750656,124.01574803099987,
2026-03-24T17:38:01-07:00,2.8666666666666667,0.22273671756939473,3.3822476736551996,17.739682539320935,168,0,426.50918635000005,130.5774278209999,
2026-03-24T17:38:10-07:00,3.0166666666666666,0.22358799610275987,0.0,,169,0,435.0393700770001,139.10761154799997,
2026-03-24T17:38:18-07:00,3.15,0.22660164638511096,0.0,,169,73,441.6010498670001,145.66929133799994,
2026-03-24T17:38:21-07:00,3.2,0.2290374214586813,3.4225125269129997,17.530980391799513,165,75,442.91338582500003,146.98162729599989,
2026-03-24T17:38:23-07:00,3.2333333333333334,0.22980792173705558,3.6104151754494,16.618587360256043,162,75,442.91338582500003,146.98162729599989,
2026-03-24T17:38:24-07:00,3.25,0.2301745307404756,3.4650143164628995,17.315945771112496,160,0,442.91338582500003,146.98162729599989,
2026-03-24T17:38:29-07:00,3.3333333333333335,0.2314421279726398,0.0,,159,0,443.5695538040002,147.63779527500003,
2026-03-24T17:38:35-07:00,3.433333333333333,0.23329381412550704,0.0,,160,0,447.50656167799997,151.57480314899982,
2026-03-24T17:38:38-07:00,3.4833333333333334,0.2348658832418675,0.0,,157,0,448.81889763599986,152.8871391069997,
2026-03-24T17:38:41-07:00,3.533333333333333,0.23676727909011375,0.0,,153,0,450.13123359400015,154.199475065,
2026-03-24T17:38:44-07:00,3.5833333333333335,0.23931490097828678,0.0,,150,74,452.75590551000005,156.8241469809999,
2026-03-24T17:38:47-07:00,3.6333333333333333,0.24223534558180226,0.0,,153,74,454.06824146799994,158.1364829389998,
2026-03-24T17:38:50-07:00,3.683333333333333,0.24559075001988387,0.6464745884168999,92.81107266246802,156,73,456.03674540500003,160.10498687599988,
2026-03-24T17:38:56-07:00,3.783333333333333,0.251717469975344,4.8004652828465995,12.498788443361256,159,76,460.62992125799997,164.69816272899982,
2026-03-24T17:38:58-07:00,3.816666666666667,0.2533641036347729,4.6326950609391,12.951424432377234,163,76,462.598425195,166.66666666599986,
2026-03-24T17:39:02-07:00,3.8833333333333333,0.2565393104271057,4.1942555476875,14.305279999708402,166,77,469.16010498500003,173.22834645599988,
2026-03-24T17:39:04-07:00,3.9166666666666665,0.2585711942257218,4.4045275591449,13.622346368437405,167,79,471.1286089220001,175.19685039299998,
2026-03-24T17:39:08-07:00,3.9833333333333334,0.2629705022667621,4.5074266285814995,13.311364763996654,170,78,476.37795275400015,180.446194225,
2026-03-24T17:39:13-07:00,4.066666666666666,0.26867468981150083,4.5074266285814995,13.311364763996654,170,78,479.00262467000005,183.0708661409999,
2026-03-24T17:39:15-07:00,4.1,0.27052637596436807,4.5297959915025,13.245629629359632,171,78,480.9711286070001,185.03937007799993,
2026-03-24T17:39:18-07:00,4.15,0.2735462399586415,4.592430207681299,13.064978080590969,172,78,485.56430446,189.63254593099987,
2026-03-24T17:39:23-07:00,4.233333333333333,0.27792069315199236,4.5297959915025,13.245629629359632,175,78,492.12598425000004,196.1942257209999,
2026-03-24T17:39:26-07:00,4.283333333333333,0.2787719716853575,4.4447924124027,13.498943130072094,177,0,495.40682414500003,199.47506561599988,
2026-03-24T17:39:35-07:00,4.433333333333334,0.2819968881730693,0.0,,177,0,503.9370078720001,208.00524934299995,
2026-03-24T17:39:37-07:00,4.466666666666667,0.282525053686471,0.0,,174,0,505.24934383000004,209.3175853009999,
2026-03-24T17:39:40-07:00,4.516666666666667,0.2829662272329595,0.0,,171,73,507.2178477670001,211.28608923799993,
2026-03-24T17:39:41-07:00,4.533333333333333,0.28373051379941144,0.0,,170,73,507.2178477670001,211.28608923799993,
2026-03-24T17:39:48-07:00,4.65,0.289148870595721,4.4447924124027,13.498943130072094,167,79,508.53018372500003,212.59842519599988,
2026-03-24T17:39:49-07:00,4.666666666666667,0.2899380120098624,4.4447924124027,13.498943130072094,167,79,509.1863517040002,213.25459317500002,
2026-03-24T17:39:56-07:00,4.783333333333333,0.29526937683925875,4.3195239800450995,13.890419471493141,166,77,515.7480314940002,219.81627296500005,
2026-03-24T17:39:57-07:00,4.8,0.2959528851507198,4.299391553416199,13.95546305902875,167,76,516.404199473,220.4724409439998,
2026-03-24T17:40:01-07:00,4.866666666666666,0.2990783822476736,4.1942555476875,14.305279999708402,170,76,519.6850393679999,223.75328083899979,
2026-03-24T17:40:04-07:00,4.916666666666667,0.3009797780959198,4.174123121058599,14.374276527038187,171,75,521.653543305,225.72178477599982,
2026-03-24T17:40:05-07:00,4.933333333333334,0.3016011492881571,4.174123121058599,14.374276527038187,171,74,522.9658792629999,227.03412073399977,
2026-03-24T17:40:08-07:00,4.983333333333333,0.304161198600175,4.068987115329899,14.745684441700526,172,75,526.2467191579999,230.31496062899976,
2026-03-24T17:40:12-07:00,5.05,0.3074171836474986,3.9862204725221995,15.051851851545036,174,77,531.49606299,235.5643044609999,
2026-03-24T17:40:20-07:00,5.183333333333334,0.3134072019406665,3.9034538297145,15.371002865016191,176,76,537.4015748009999,241.46981627199978,
2026-03-24T17:40:22-07:00,5.216666666666667,0.3149916984808717,3.8609520401645994,15.540208574422513,176,75,540.6824146959999,244.75065616699976,
2026-03-24T17:40:25-07:00,5.266666666666667,0.31532102521275746,3.7580529707279995,15.965714285388843,178,0,545.9317585279999,249.99999999899978,
2026-03-24T17:40:31-07:00,5.366666666666666,0.316644545852223,0.0,,177,0,552.4934383179999,256.56167978899975,
2026-03-24T17:40:34-07:00,5.416666666666667,0.31749582438558815,0.0,,173,0,555.1181102340001,259.186351705,
2026-03-24T17:40:36-07:00,5.45,0.31807991330629126,0.0,,168,43,556.4304461920001,260.49868766299994,
2026-03-24T17:40:39-07:00,5.5,0.3190181838065696,0.0,,165,0,559.055118108,263.12335957899984,
2026-03-24T17:40:46-07:00,5.616666666666666,0.3217770719001034,0.0,,162,78,562.9921259820001,267.0603674529999,
2026-03-24T17:40:49-07:00,5.666666666666667,0.3230322417084228,0.0,,162,40,561.6797900240002,267.0603674529999,
2026-03-24T17:41:01-07:00,5.866666666666666,0.32849409448818895,3.0892090193900996,19.42244750141438,162,0,560.3674540659999,267.0603674529999,
2026-03-24T17:41:11-07:00,6.033333333333333,0.3328250516980832,2.7559055118671996,21.771428570984785,161,70,571.5223097090002,278.21522309600016,
2026-03-24T17:41:20-07:00,6.183333333333334,0.3388088562793287,3.0265748032113,19.82439024349834,160,80,579.3963254570001,286.0892388440001,
2026-03-24T17:41:29-07:00,6.333333333333333,0.3480983556032769,3.9034538297145,15.371002865016191,161,78,585.301837268,291.99475065499996,
2026-03-24T17:41:32-07:00,6.383333333333334,0.3519135747236141,4.068987115329899,14.745684441700526,165,79,587.9265091840002,294.6194225710002,
2026-03-24T17:41:36-07:00,6.45,0.3572449395530104,4.2367573372374,14.161774022942584,168,79,591.863517058,298.55643044499993,
2026-03-24T17:41:38-07:00,6.483333333333333,0.35991062196770857,4.256889763866299,14.094797687573966,170,80,593.1758530159999,299.8687664029999,
2026-03-24T17:41:44-07:00,6.583333333333333,0.3672552294599538,4.362025769594999,13.755076922796542,172,79,595.1443569529999,301.8372703399999,
2026-03-24T17:41:48-07:00,6.65,0.3688397260001591,3.7580529707279995,15.965714285388843,173,0,597.11286089,303.80577427699995,
2026-03-24T17:41:49-07:00,6.666666666666667,0.369504593175853,3.3822476736551996,17.739682539320935,173,0,597.11286089,303.80577427699995,
2026-03-24T17:41:55-07:00,6.766666666666667,0.3718160940109759,0.0,,174,0,599.0813648270001,305.7742782140001,
2026-03-24T17:42:00-07:00,6.85,0.3732514614650442,0.0,,169,0,603.0183727009999,309.71128608799984,
2026-03-24T17:42:02-07:00,6.883333333333334,0.37350622365386144,0.0,,165,0,604.3307086590002,311.0236220460001,
2026-03-24T17:42:06-07:00,6.95,0.3750410104986877,0.0,,162,0,606.2992125959998,312.9921259829998,
2026-03-24T17:42:09-07:00,7.0,0.37601034955857787,0.0,,162,77,606.955380575,313.648293962,
2026-03-24T17:42:13-07:00,7.066666666666666,0.37815408017179675,0.0,,159,61,606.955380575,313.648293962,
2026-03-24T17:42:15-07:00,7.1,0.37926012089397915,1.7738904796352999,33.823959646221,157,60,606.955380575,313.648293962,
2026-03-24T17:42:21-07:00,7.2,0.38278329555396484,2.7961703651249996,21.457919999562606,155,66,603.0183727009999,313.648293962,
2026-03-24T17:42:56-07:00,7.783333333333333,0.38278329555396484,2.9214387974825997,20.53782542071459,136,58,567.585301835,313.648293962,
2026-03-24T17:42:57-07:00,7.8,0.3838271991569236,2.6507695061385,22.63493670839937,136,58,566.9291338559999,313.648293962,
2026-03-24T17:42:59-07:00,7.833333333333333,0.38662958323391394,3.0892090193900996,19.42244750141438,135,58,566.9291338559999,313.648293962,
2026-03-24T17:43:05-07:00,7.933333333333334,0.39538470333253795,4.6953292771179,12.778656502836231,135,82,570.86614173,317.5853018360001,
2026-03-24T17:43:09-07:00,8.0,0.40020033007237726,4.7803328562177,12.551427234184956,138,80,577.4278215200001,324.1469816260002,
2026-03-24T17:43:11-07:00,8.033333333333333,0.40285358506323077,4.757963493296699,12.610437235285971,141,80,580.0524934359998,326.77165354199997,
2026-03-24T17:43:14-07:00,8.083333333333334,0.4069670623558419,4.737831066667799,12.664022662631377,144,80,585.9580052470001,332.6771653530002,
2026-03-24T17:43:15-07:00,8.1,0.4081165990614809,4.737831066667799,12.664022662631377,145,80,587.9265091840002,334.64566929000034,
2026-03-24T17:43:18-07:00,8.15,0.41131666070150324,4.6953292771179,12.778656502836231,148,80,593.1758530159999,339.895013122,
2026-03-24T17:43:21-07:00,8.2,0.41305028632784535,4.655064423860099,12.889187890174558,150,79,597.7690288690002,344.4881889750003,
2026-03-24T17:43:27-07:00,8.3,0.41625034796786764,0.0,,153,81,601.7060367429999,348.42519684900003,
2026-03-24T17:43:33-07:00,8.4,0.42209123717489855,3.7356836078069993,16.06131736494207,151,80,604.3307086590002,351.04986876500027,
2026-03-24T17:43:38-07:00,8.483333333333333,0.4273791060208383,3.9459556192643994,15.205442176560803,154,79,606.2992125959998,353.01837270199997,
2026-03-24T17:43:42-07:00,8.55,0.43252405949256345,3.9862204725221995,15.051851851545036,157,81,607.6115485540001,354.33070866000025,
2026-03-24T17:43:50-07:00,8.683333333333334,0.4418073451045892,4.1942555476875,14.305279999708402,159,81,619.4225721759999,366.141732282,
2026-03-24T17:43:54-07:00,8.75,0.44318678915135606,2.4427344309732,24.562637362136677,162,0,625.9842519659999,372.703412072,
2026-03-24T17:43:56-07:00,8.783333333333333,0.4440567088204883,0.0,,164,0,629.2650918609999,375.984251967,
2026-03-24T17:44:01-07:00,8.866666666666667,0.44679074206633257,0.0,,160,0,632.5459317559998,379.26509186199996,
2026-03-24T17:44:02-07:00,8.883333333333333,0.4474493955301042,0.0,,160,0,632.5459317559998,379.26509186199996,
2026-03-24T17:44:09-07:00,9.0,0.4524700747633818,0.5435755189803,110.38024691133026,159,46,633.8582677140001,380.57742782000025,
2026-03-24T17:44:16-07:00,9.116666666666667,0.45780143959277814,1.4405869721123998,41.649689440144805,156,47,635.1706036720001,381.8897637780002,
2026-03-24T17:44:18-07:00,9.15,0.459479141811819,1.6284896206487998,36.84395604320502,155,49,635.1706036720001,381.8897637780002,
2026-03-24T17:44:28-07:00,9.316666666666666,0.46757560844667145,2.4002326414232997,24.997576886722513,153,0,637.795275588,384.5144356940001,
2026-03-24T17:44:37-07:00,9.466666666666667,0.47862358824465123,3.444881889834,17.417142856787827,152,80,648.2939632520001,395.01312335800026,
2026-03-24T17:44:42-07:00,9.55,0.4838928159548238,3.9235862563433996,15.292132268787489,156,79,650.9186351679999,397.63779527400004,
2026-03-24T17:44:45-07:00,9.6,0.48695617593255386,3.9862204725221995,15.051851851545036,157,80,655.5118110209999,402.230971127,
2026-03-24T17:44:52-07:00,9.716666666666667,0.4931263918714706,3.9660880458932994,15.128257190892981,162,79,666.010498685,412.72965879100013,
2026-03-24T17:44:54-07:00,9.75,0.49502157400779445,3.9235862563433996,15.292132268787489,165,80,672.572178475,419.2913385810001,
2026-03-24T17:44:56-07:00,9.783333333333333,0.4971031675017895,3.9034538297145,15.371002865016191,170,79,678.4776902859999,425.196850392,
2026-03-24T17:44:57-07:00,9.8,0.4983148413266524,3.9034538297145,15.371002865016191,170,79,681.7585301809999,428.477690287,
2026-03-24T17:45:00-07:00,9.85,0.5021921975662134,3.9034538297145,15.371002865016191,173,81,687.007874013,433.7270341190001,
2026-03-24T17:45:03-07:00,9.9,0.5042862184840532,3.9034538297145,15.371002865016191,173,0,689.6325459290002,436.35170603500035,
2026-03-24T17:45:09-07:00,10.0,0.5076354092102123,3.7781853973569,15.88063943129263,174,44,694.8818897609999,441.60104986700003,
2026-03-24T17:45:13-07:00,10.066666666666666,0.5085301837270341,3.1093414460189996,19.296690647088674,172,52,698.818897635,445.5380577410001,
2026-03-24T17:45:15-07:00,10.1,0.5092136920384952,2.6306370795095995,22.808163264841205,169,0,700.1312335929999,446.85039369900005,
2026-03-24T17:45:16-07:00,10.116666666666667,0.5098847729261116,2.505368647152,23.948571428083262,168,0,700.7874015720001,447.50656167800025,
2026-03-24T17:45:18-07:00,10.15,0.5109908136482939,2.4427344309732,24.562637362136677,166,0,700.7874015720001,447.50656167800025,
2026-03-24T17:45:19-07:00,10.166666666666666,0.511823451045892,2.4427344309732,24.562637362136677,165,0,700.7874015720001,447.50656167800025,
2026-03-24T17:45:37-07:00,10.466666666666667,0.511823451045892,2.6082677165885997,23.003773584436754,155,61,688.3202099709999,447.50656167800025,
2026-03-24T17:45:38-07:00,10.483333333333333,0.5123764714069832,2.7559055118671996,21.771428570984785,154,61,687.6640419920001,447.50656167800025,
2026-03-24T17:45:41-07:00,10.533333333333333,0.5150980772289827,3.6730493916281994,16.335200974088462,151,95,685.695538055,447.50656167800025,
2026-03-24T17:45:43-07:00,10.566666666666666,0.5165769406665076,3.5075161060127997,17.106122448630902,151,95,684.3832020970001,447.50656167800025,
2026-03-24T17:45:48-07:00,10.65,0.5202927403960869,3.3196134574764,18.07439353062888,148,84,679.1338582650001,447.50656167800025,
2026-03-24T17:45:52-07:00,10.716666666666667,0.523275322118826,3.1093414460189996,19.296690647088674,148,85,673.2283464540002,447.50656167800025,
2026-03-24T17:46:01-07:00,10.866666666666667,0.5322106398631989,3.3196134574764,18.07439353062888,145,83,658.7926509159998,447.50656167800025,
2026-03-24T17:46:10-07:00,11.016666666666667,0.5458124552612741,3.5276485326416998,17.00849714613396,142,80,646.325459315,447.50656167800025,
2026-03-24T17:46:11-07:00,11.033333333333333,0.5476268591426072,3.6104151754494,16.618587360256043,142,80,645.0131233570002,447.50656167800025,
2026-03-24T17:46:19-07:00,11.166666666666666,0.5605513799411437,4.3418933429661,13.818856259378286,141,80,638.4514435670001,447.50656167800025,
2026-03-24T17:46:25-07:00,11.266666666666667,0.5685981368806172,4.4246599857738,13.560364003768075,141,78,630.5774278190001,447.50656167800025,
2026-03-24T17:46:32-07:00,11.383333333333333,0.5786519227710173,4.5700608447603,13.128928046722102,140,79,620.7349081340002,447.50656167800025,
2026-03-24T17:46:37-07:00,11.466666666666667,0.5833122067127973,4.3821581962239,13.691883613809726,140,79,617.4540682390002,447.50656167800025,
2026-03-24T17:46:45-07:00,11.6,0.5907127376123439,3.9235862563433996,15.292132268787489,140,81,610.8923884490002,447.50656167800025,
2026-03-24T17:46:53-07:00,11.733333333333333,0.5991385309790822,3.8206871869067998,15.703981264316893,139,83,607.6115485540001,447.50656167800025,
2026-03-24T17:47:00-07:00,11.85,0.6082602600811262,3.9235862563433996,15.292132268787489,139,81,601.0498687640002,447.50656167800025,
2026-03-24T17:47:06-07:00,11.95,0.6179971466634853,4.4447924124027,13.498943130072094,139,83,592.5196850370002,447.50656167800025,
2026-03-24T17:47:13-07:00,12.066666666666666,0.6306358367135926,4.9682355047541,12.076722196962294,138,80,583.3333333309998,447.50656167800025,
2026-03-24T17:47:19-07:00,12.166666666666666,0.639080271216098,5.1561381532905,11.636616051823538,137,80,583.3333333309998,447.50656167800025,
2026-03-24T17:47:25-07:00,12.266666666666667,0.6463441004533524,5.008500358011899,11.979633764829503,139,80,587.9265091840002,452.09973753100064,
2026-03-24T17:47:30-07:00,12.35,0.6521663485246162,4.9056012885752995,12.230916552418265,142,81,598.4251968479999,462.59842519500035,
2026-03-24T17:47:32-07:00,12.383333333333333,0.6540739580847849,4.883231925654299,12.286944571439879,145,81,602.3622047220001,466.53543306900053,
2026-03-24T17:47:33-07:00,12.4,0.6544902767835838,4.842967072396499,12.389099306906816,146,81,604.986876638,469.16010498500043,
2026-03-24T17:47:37-07:00,12.466666666666667,0.6570938220790583,4.5297959915025,13.245629629359632,149,0,610.8923884490002,475.06561679600065,
2026-03-24T17:47:39-07:00,12.5,0.6584235564304463,4.3821581962239,13.691883613809726,150,0,612.2047244070001,476.3779527540005,
2026-03-24T17:47:47-07:00,12.633333333333333,0.6668120675256503,3.7356836078069993,16.06131736494207,150,81,614.1732283440002,478.34645669100064,
2026-03-24T17:47:55-07:00,12.766666666666667,0.6775058657440547,4.216624910608499,14.229389920134354,149,78,611.548556428,478.34645669100064,
2026-03-24T17:47:59-07:00,12.833333333333334,0.6815137099339855,4.3195239800450995,13.890419471493141,150,79,607.6115485540001,478.34645669100064,
2026-03-24T17:48:00-07:00,12.85,0.6820605165831544,4.3195239800450995,13.890419471493141,150,79,606.2992125959998,478.34645669100064,
2026-03-24T17:48:03-07:00,12.9,0.6836325856995148,4.1316213315087,14.522144017029374,149,66,603.0183727009999,478.34645669100064,
2026-03-24T17:48:08-07:00,12.983333333333333,0.6864101149288158,3.0892090193900996,19.42244750141438,147,64,596.4566929109999,478.34645669100064,
2026-03-24T17:48:19-07:00,13.166666666666666,0.6907224310029427,2.505368647152,23.948571428083262,145,0,585.301837268,478.34645669100064,
2026-03-24T17:48:23-07:00,13.233333333333333,0.6923504235266046,2.2749642090656996,26.3740412973975,142,0,582.020997373,478.34645669100064,
2026-03-24T17:48:26-07:00,13.283333333333333,0.6936987990137596,2.1071939871581997,28.47388534973806,139,0,580.708661415,478.34645669100064,
2026-03-24T17:48:28-07:00,13.316666666666666,0.6944568718682891,2.0244273443505,29.63801104911962,138,0,580.0524934359998,478.34645669100064,
2026-03-24T17:48:34-07:00,13.416666666666666,0.696184283782709,1.8163922691852,33.032512314597604,136,76,577.4278215200001,478.34645669100064,
2026-03-24T17:49:30-07:00,14.35,0.696184283782709,2.1071939871581997,28.47388534973806,121,64,544.61942257,478.34645669100064,
2026-03-24T17:49:31-07:00,14.366666666666667,0.6968802195180147,3.1518432355689,19.036479772500535,121,64,543.3070866120001,478.34645669100064,
2026-03-24T17:49:32-07:00,14.383333333333333,0.6977252843394576,2.6082677165885997,23.003773584436754,121,64,541.9947506540002,478.34645669100064,
2026-03-24T17:49:36-07:00,14.45,0.7009067048437126,3.4225125269129997,17.530980391799513,122,94,538.05774278,478.34645669100064,
2026-03-24T17:49:45-07:00,14.6,0.7073627515310587,3.0892090193900996,19.42244750141438,122,88,530.8398950109998,478.34645669100064,
2026-03-24T17:49:52-07:00,14.716666666666667,0.712613338105464,2.9438081604036,20.38176291751767,125,88,523.6220472420001,478.34645669100064,
2026-03-24T17:49:55-07:00,14.766666666666667,0.7148813429571304,2.9013063708536997,20.68033924398863,125,81,519.6850393679999,478.34645669100064,
2026-03-24T17:50:04-07:00,14.916666666666666,0.7214803050186908,2.6507695061385,22.63493670839937,127,80,507.8740157459999,478.34645669100064,
2026-03-24T17:50:05-07:00,14.933333333333334,0.7219028374294122,2.6306370795095995,22.808163264841205,127,0,506.56167978799994,478.34645669100064,
2026-03-24T17:50:13-07:00,15.066666666666666,0.7269110892388451,2.9438081604036,20.38176291751767,129,82,498.68766404,478.34645669100064,
2026-03-24T17:50:25-07:00,15.266666666666667,0.7357469875924599,2.9214387974825997,20.53782542071459,126,81,488.845144355,478.34645669100064,
2026-03-24T17:50:26-07:00,15.283333333333333,0.736461564463533,2.9013063708536997,20.68033924398863,126,81,488.18897637599986,478.34645669100064,
2026-03-24T17:50:37-07:00,15.466666666666667,0.7458753380259285,2.9840730136614,20.106746626276802,125,85,481.6272965859999,478.34645669100064,
2026-03-24T17:50:43-07:00,15.566666666666666,0.7517348683687266,3.1317108089399994,19.158857142466612,128,78,475.721784775,478.34645669100064,
2026-03-24T17:50:46-07:00,15.616666666666667,0.7549970671279725,3.444881889834,17.417142856787827,128,85,472.44094488,478.34645669100064,
2026-03-24T17:50:57-07:00,15.8,0.7644046269784459,3.4851467430918,17.21591784303803,129,83,460.62992125799997,478.34645669100064,
2026-03-24T17:51:05-07:00,15.933333333333334,0.770798536546568,3.2569792412975995,18.42197802160251,128,82,453.4120734890002,478.34645669100064,
2026-03-24T17:51:13-07:00,16.066666666666666,0.774110445001193,2.9013063708536997,20.68033924398863,130,79,447.50656167799997,478.34645669100064,
2026-03-24T17:51:14-07:00,16.083333333333332,0.7745329774119144,2.7961703651249996,21.457919999562606,130,79,446.19422572,478.34645669100064,
2026-03-24T17:52:32-07:00,17.383333333333333,0.7745329774119144,2.3801002147943997,25.20902255587712,121,55,375.9842519670001,478.34645669100064,
2026-03-24T17:52:33-07:00,17.4,0.7753159051141334,2.1071939871581997,28.47388534973806,122,55,375.32808398799995,478.34645669100064,
2026-03-24T17:52:35-07:00,17.433333333333334,0.7781245029030461,2.5680028633307996,23.36445992983733,123,0,374.01574803,478.34645669100064,
2026-03-24T17:52:40-07:00,17.516666666666666,0.7869541875447387,6.3036864711378,9.518239886250267,122,84,372.7034120720001,478.34645669100064,
2026-03-24T17:52:44-07:00,17.583333333333332,0.789539091704446,2.7760379384961,21.613537469341864,125,82,375.32808398799995,480.9711286070005,
2026-03-24T17:52:48-07:00,17.65,0.795479400302235,4.6953292771179,12.778656502836231,122,81,378.60892388299993,484.25196850200047,
2026-03-24T17:52:50-07:00,17.683333333333334,0.7972565219120337,4.6326950609391,12.951424432377234,124,82,379.9212598409999,485.5643044600004,
2026-03-24T17:52:53-07:00,17.733333333333334,0.7985800425514993,2.8386721546748994,21.136643025573882,125,82,381.23359579900017,486.8766404180007,
2026-03-24T17:52:54-07:00,17.75,0.7996301598663804,2.6306370795095995,22.808163264841205,125,82,381.23359579900017,486.8766404180007,
2026-03-24T17:53:01-07:00,17.866666666666667,0.8064528155571462,2.9214387974825997,20.53782542071459,125,68,379.9212598409999,486.8766404180007,
2026-03-24T17:53:05-07:00,17.933333333333334,0.8128280839895012,3.8833214030855996,15.450691243924686,125,82,379.9212598409999,486.8766404180007,
2026-03-24T17:53:06-07:00,17.95,0.8139030561520718,4.820597709475499,12.446589326892463,125,82,379.2650918620001,486.8766404180007,
2026-03-24T17:53:08-07:00,17.983333333333334,0.814754334685437,4.6125626343101995,13.00795344299382,126,82,379.2650918620001,486.8766404180007,
2026-03-24T17:53:13-07:00,18.066666666666666,0.8226581762506959,4.675196850488999,12.833684210264718,129,82,373.35958005099985,486.8766404180007,
2026-03-24T17:53:14-07:00,18.083333333333332,0.8242985961982024,4.6953292771179,12.778656502836231,130,82,372.7034120720001,486.8766404180007,
2026-03-24T17:53:20-07:00,18.183333333333334,0.8343896643601367,4.988367931382999,12.027982062535092,133,79,372.04724409299996,486.8766404180007,
2026-03-24T17:53:24-07:00,18.25,0.8409327030143958,5.2187723694693,11.496956707866802,133,79,374.67191600900014,489.5013123340009,
2026-03-24T17:53:30-07:00,18.35,0.8513779527559056,5.321671438905899,11.274653215407001,133,80,374.01574803,489.5013123340009,
2026-03-24T17:53:38-07:00,18.483333333333334,0.8646069454386384,5.594577666542099,10.724670131728612,134,81,368.7664041979999,489.5013123340009,
2026-03-24T17:53:40-07:00,18.516666666666666,0.8682419669132267,5.6348425197999,10.648034934280767,135,81,366.1417322820001,489.5013123340009,
2026-03-24T17:53:49-07:00,18.666666666666668,0.8813466853575121,5.7198460988996995,10.489792725636784,136,81,357.611548555,489.5013123340009,
2026-03-24T17:53:51-07:00,18.7,0.8843603356398632,5.6974767359787,10.530977620515607,136,80,354.9868766390002,489.5013123340009,
2026-03-24T17:53:58-07:00,18.816666666666666,0.8949982104509663,5.614710093170999,10.686215139224405,139,81,351.7060367440002,489.5013123340009,
2026-03-24T17:54:00-07:00,18.85,0.8974712677960709,5.594577666542099,10.724670131728612,141,81,353.0183727020001,490.8136482920008,
2026-03-24T17:54:03-07:00,18.9,0.9018705758371113,5.5520758769922,10.806768734670932,145,81,356.2992125970001,494.0944881870008,
2026-03-24T17:54:09-07:00,19.0,0.9118746520321324,5.469309234184499,10.97030674824264,148,81,358.26771653400016,496.06299212400086,
2026-03-24T17:54:10-07:00,19.016666666666666,0.9134777897081046,5.469309234184499,10.97030674824264,148,81,358.26771653400016,496.06299212400086,
2026-03-24T17:54:15-07:00,19.1,0.922537381690925,5.469309234184499,10.97030674824264,151,82,356.2992125970001,496.06299212400086,
2026-03-24T17:54:17-07:00,19.133333333333333,0.9259052135528513,5.4894416608134,10.930073349410454,152,82,356.2992125970001,496.06299212400086,
2026-03-24T17:54:24-07:00,19.25,0.9385625447387258,5.6348425197999,10.648034934280767,151,81,356.2992125970001,496.06299212400086,
2026-03-24T17:54:26-07:00,19.283333333333335,0.9424958243855881,5.677344309349799,10.568321512786941,151,81,355.6430446179999,496.06299212400086,
2026-03-24T17:54:32-07:00,19.383333333333333,0.9532952557066731,5.782480315078499,10.376170212554452,154,81,356.2992125970001,496.71916010300106,
2026-03-24T17:54:35-07:00,19.433333333333334,0.9585272011453113,5.802612741707399,10.340169621994315,156,82,356.2992125970001,496.71916010300106,
2026-03-24T17:54:41-07:00,19.533333333333335,0.967543297144675,5.8227451683363,10.304417979044661,157,80,357.611548555,498.03149606100095,
2026-03-24T17:54:48-07:00,19.65,0.9805299550624353,5.8227451683363,10.304417979044661,157,81,357.611548555,498.03149606100095,
2026-03-24T17:54:51-07:00,19.7,0.9847677065934939,5.8227451683363,10.304417979044661,156,80,357.611548555,498.03149606100095,
2026-03-24T17:54:59-07:00,19.833333333333332,0.9987796269784459,5.865246957886199,10.229748283544339,154,81,356.2992125970001,498.03149606100095,
2026-03-24T17:55:00-07:00,19.85,1.0007058776743816,5.865246957886199,10.229748283544339,154,82,356.2992125970001,498.03149606100095,
2026-03-24T17:55:02-07:00,19.883333333333333,1.003259713274477,5.885379384515099,10.194754845858325,153,82,353.6745406809999,498.03149606100095,
2026-03-24T17:55:03-07:00,19.9,1.0046515847450885,5.865246957886199,10.229748283544339,153,82,349.08136482799995,498.03149606100095,
2026-03-24T17:55:07-07:00,19.966666666666665,1.0059191819772528,2.2324624195158,26.876152304061378,152,70,345.14435695400016,498.03149606100095,
2026-03-24T17:55:10-07:00,20.016666666666666,1.0090384653622844,2.9639405870324995,20.243320754304346,151,81,343.17585301700007,498.03149606100095,
2026-03-24T17:55:13-07:00,20.066666666666666,1.014742652907023,5.344040801826899,11.227459187715889,150,81,341.8635170590002,498.03149606100095,
2026-03-24T17:55:20-07:00,20.183333333333334,1.0284190328481666,6.323818897766699,9.48793774299726,149,80,341.8635170590002,498.03149606100095,
2026-03-24T17:55:28-07:00,20.316666666666666,1.0426795017100134,6.323818897766699,9.48793774299726,149,81,341.8635170590002,498.03149606100095,
2026-03-24T17:55:30-07:00,20.35,1.0465630716614969,6.366320687316599,9.424595923911896,149,81,341.8635170590002,498.03149606100095,
2026-03-24T17:55:31-07:00,20.366666666666667,1.0485017497812774,6.3864531139455,9.394886164431963,149,81,341.8635170590002,498.03149606100095,
2026-03-24T17:55:34-07:00,20.416666666666668,1.054640897160582,6.428954903495399,9.332776617763832,150,81,341.20734908000003,498.03149606100095,
2026-03-24T17:55:41-07:00,20.533333333333335,1.0677766841644794,6.616857552031799,9.06774847851699,151,81,339.23884514299993,498.03149606100095,
2026-03-24T17:55:43-07:00,20.566666666666666,1.0713433548079216,6.6369899786607,9.040242669178717,151,81,339.23884514299993,498.03149606100095,
2026-03-24T17:55:50-07:00,20.683333333333334,1.0838701980434262,6.699624194839499,8.955726210168033,152,80,344.488188975,503.28083989300103,
2026-03-24T17:55:52-07:00,20.716666666666665,1.0872007476338186,6.7197566214684,8.928894806742095,153,80,345.14435695400016,503.9370078720012,
2026-03-24T17:55:59-07:00,20.833333333333332,1.098211445160264,6.7197566214684,8.928894806742095,152,82,341.20734908000003,503.9370078720012,
2026-03-24T17:56:05-07:00,20.933333333333334,1.1073890976696095,6.594488189110799,9.098507462501104,150,81,337.27034120599984,503.9370078720012,
2026-03-24T17:56:12-07:00,21.05,1.1201209933985525,6.428954903495399,9.332776617763832,152,78,333.98950131099986,503.9370078720012,
2026-03-24T17:56:14-07:00,21.083333333333332,1.1228674540682413,6.366320687316599,9.424595923911896,153,79,333.3333333320001,503.9370078720012,
2026-03-24T17:57:39-07:00,22.5,1.1228923089159308,2.9639405870324995,20.243320754304346,131,52,330.70866141599987,503.9370078720012,
2026-03-24T17:57:40-07:00,22.516666666666666,1.1237187326016067,3.0064423765823998,19.957142856736052,131,52,328.08398950000003,503.9370078720012,
2026-03-24T17:57:42-07:00,22.55,1.1295658355205598,2.3174659986156,25.890347489819742,131,0,324.14698162599984,503.9370078720012,
2026-03-24T17:57:48-07:00,22.65,1.1405081822158594,5.657211882720899,10.605931197885827,131,85,327.4278215209999,507.2178477670012,
2026-03-24T17:57:55-07:00,22.766666666666666,1.1541099976139346,6.261184681587899,9.582851018025458,131,83,334.64566929,514.4356955360013,
2026-03-24T17:57:59-07:00,22.833333333333332,1.1606343951324265,6.3461882606877,9.45449418380446,132,83,337.27034120599984,517.0603674520012,
2026-03-24T17:58:01-07:00,22.866666666666667,1.1635361986001749,6.283554044508899,9.548736204860539,132,82,337.92650918500004,517.7165354310014,
2026-03-24T17:58:05-07:00,22.933333333333334,1.170495555953233,6.135916249230299,9.778490703409863,135,81,339.23884514299993,519.0288713890013,
2026-03-24T17:58:07-07:00,22.966666666666665,1.1746960252127574,6.115783822601399,9.810680321672734,136,81,340.5511811009999,520.3412073470013,
2026-03-24T17:58:14-07:00,23.083333333333332,1.1889627077865266,6.115783822601399,9.810680321672734,138,82,346.4566929120001,526.2467191580015,
2026-03-24T17:58:15-07:00,23.1,1.1907274019724807,6.115783822601399,9.810680321672734,138,81,347.11286089099985,526.9028871370012,
2026-03-24T17:58:20-07:00,23.183333333333334,1.1994079575280363,6.1582856121513,9.742971303833365,141,80,346.4566929120001,526.9028871370012,
2026-03-24T17:58:23-07:00,23.233333333333334,1.2037513421617752,6.1582856121513,9.742971303833365,143,80,345.80052493299996,526.9028871370012,
2026-03-24T17:58:28-07:00,23.316666666666666,1.208970860176569,4.7803328562177,12.551427234184956,146,83,347.11286089099985,528.2152230950012,
2026-03-24T17:58:34-07:00,23.416666666666668,1.2197640777857313,5.9703829636149,10.049606594025198,146,82,349.7375328070001,530.8398950110014,
2026-03-24T17:58:43-07:00,23.566666666666666,1.2328004453988706,5.845114531257299,10.264982778206374,146,83,349.08136482799995,530.8398950110014,
2026-03-24T17:58:44-07:00,23.583333333333332,1.2331856955380576,5.802612741707399,10.340169621994315,146,83,349.08136482799995,530.8398950110014,
2026-03-24T17:58:47-07:00,23.633333333333333,1.234838542909409,2.8386721546748994,21.136643025573882,146,0,349.08136482799995,530.8398950110014,
2026-03-24T18:00:04-07:00,24.916666666666668,1.234838542909409,3.0690765927612,19.549854227006744,123,59,341.8635170590002,530.8398950110014,
2026-03-24T18:00:05-07:00,24.933333333333334,1.2359507973435138,2.8386721546748994,21.136643025573882,123,59,341.8635170590002,530.8398950110014,
2026-03-24T18:00:07-07:00,24.966666666666665,1.2384424958243856,2.7961703651249996,21.457919999562606,123,59,341.20734908000003,530.8398950110014,
2026-03-24T18:00:13-07:00,25.066666666666666,1.2461350711842838,4.757963493296699,12.610437235285971,126,83,339.8950131220001,530.8398950110014,
2026-03-24T18:00:15-07:00,25.1,1.2498135886423287,4.883231925654299,12.286944571439879,127,82,339.8950131220001,530.8398950110014,
2026-03-24T18:00:19-07:00,25.166666666666668,1.2582518094329118,5.865246957886199,10.229748283544339,130,83,341.20734908000003,532.1522309690014,
2026-03-24T18:00:22-07:00,25.216666666666665,1.2643101785572257,5.948013600693899,10.087401278470574,132,83,343.83202099599987,534.7769028850012,
2026-03-24T18:00:27-07:00,25.3,1.2728540324504891,6.2410522549589995,9.613763440664249,134,83,347.11286089099985,538.0577427800011,
2026-03-24T18:00:32-07:00,25.383333333333333,1.283989004215382,6.3461882606877,9.45449418380446,136,83,342.5196850379999,538.0577427800011,
2026-03-24T18:00:35-07:00,25.433333333333334,1.2895875586574403,6.3036864711378,9.518239886250267,139,83,340.5511811009999,538.0577427800011,
2026-03-24T18:00:39-07:00,25.5,1.2973671259842519,6.198550465409099,9.679682424919978,141,81,341.20734908000003,538.7139107590012,
2026-03-24T18:00:45-07:00,25.6,1.308837638192953,6.198550465409099,9.679682424919978,143,81,345.80052493299996,543.3070866120012,
2026-03-24T18:00:50-07:00,25.683333333333334,1.3179593672949972,6.2209198283301,9.644875943708469,146,81,348.42519684900014,545.9317585280014,
2026-03-24T18:00:54-07:00,25.75,1.32443405511811,6.283554044508899,9.548736204860539,148,82,349.08136482799995,546.5879265070012,
2026-03-24T18:00:56-07:00,25.783333333333335,1.3277397498608128,6.283554044508899,9.548736204860539,148,82,349.08136482799995,546.5879265070012,
2026-03-24T18:01:02-07:00,25.883333333333333,1.3367496321482542,6.261184681587899,9.582851018025458,149,82,348.42519684900014,546.5879265070012,
2026-03-24T18:01:08-07:00,25.983333333333334,1.346250397677563,6.198550465409099,9.679682424919978,150,82,344.488188975,546.5879265070012,
2026-03-24T18:01:14-07:00,26.083333333333332,1.3547321144516027,6.135916249230299,9.778490703409863,151,0,345.14435695400016,547.2440944860014,
2026-03-24T18:01:15-07:00,26.1,1.3555398970015113,6.073282033051499,9.879337016373206,152,0,345.80052493299996,547.9002624650011,
2026-03-24T18:01:22-07:00,26.216666666666665,1.3631144118348841,3.2144774517476997,18.665553235527664,153,56,345.80052493299996,547.9002624650011,
2026-03-24T18:01:28-07:00,26.316666666666666,1.368570050902728,3.2144774517476997,18.665553235527664,150,58,349.08136482799995,551.1811023600011,
2026-03-24T18:01:30-07:00,26.35,1.3700737691879423,3.2346098783765997,18.549377592982886,149,55,349.7375328070001,551.8372703390012,
2026-03-24T18:01:33-07:00,26.4,1.3727829475860973,3.2346098783765997,18.549377592982886,146,55,349.08136482799995,551.8372703390012,
2026-03-24T18:01:39-07:00,26.5,1.3784001431639228,3.1943450251187997,18.78319327692805,143,55,347.76902887,551.8372703390012,
2026-03-24T18:01:40-07:00,26.516666666666666,1.3792017120019089,3.1943450251187997,18.78319327692805,143,55,347.76902887,551.8372703390012,
2026-03-24T18:01:47-07:00,26.633333333333333,1.389454336673825,3.3822476736551996,17.739682539320935,140,82,345.14435695400016,551.8372703390012,
2026-03-24T18:01:53-07:00,26.733333333333334,1.3997193887695856,6.323818897766699,9.48793774299726,139,83,343.17585301700007,551.8372703390012,
2026-03-24T18:02:00-07:00,26.85,1.412811679790026,6.534090909224099,9.182608695464998,141,81,343.83202099599987,552.4934383180009,
2026-03-24T18:02:01-07:00,26.866666666666667,1.414756571621729,6.554223335853,9.154402730188822,142,81,344.488188975,553.1496062970011,
2026-03-24T18:02:07-07:00,26.966666666666665,1.426239511254275,6.5743557624819,9.126369513253914,143,82,345.80052493299996,554.4619422550011,
2026-03-24T18:02:15-07:00,27.1,1.4398786089238846,6.5743557624819,9.126369513253914,143,81,347.11286089099985,555.774278213001,
2026-03-24T18:02:20-07:00,27.183333333333334,1.4496154955062435,6.5743557624819,9.126369513253914,143,82,350.3937007859999,559.0551181080011,
2026-03-24T18:02:22-07:00,27.216666666666665,1.4523246739043982,6.5743557624819,9.126369513253914,143,82,351.04986876500004,559.7112860870013,
2026-03-24T18:02:24-07:00,27.25,1.4555060944086533,6.5743557624819,9.126369513253914,144,82,351.04986876500004,559.7112860870013,
2026-03-24T18:02:28-07:00,27.316666666666666,1.4633602262785335,6.534090909224099,9.182608695464998,147,82,351.04986876500004,559.7112860870013,
2026-03-24T18:02:29-07:00,27.333333333333332,1.465168416447944,6.534090909224099,9.182608695464998,147,83,350.3937007859999,559.7112860870013,
2026-03-24T18:02:32-07:00,27.383333333333333,1.4710030919430526,6.534090909224099,9.182608695464998,150,82,350.3937007859999,559.7112860870013,
2026-03-24T18:02:36-07:00,27.45,1.4785838204883481,6.554223335853,9.154402730188822,151,82,349.7375328070001,559.7112860870013,
2026-03-24T18:02:38-07:00,27.483333333333334,1.481964079774119,6.554223335853,9.154402730188822,153,82,350.3937007859999,560.3674540660011,
2026-03-24T18:02:40-07:00,27.516666666666666,1.4851703551260638,6.554223335853,9.154402730188822,154,83,350.3937007859999,560.3674540660011,
2026-03-24T18:02:47-07:00,27.633333333333333,1.4979643879742304,6.554223335853,9.154402730188822,155,83,347.76902887,560.3674540660011,
2026-03-24T18:02:53-07:00,27.733333333333334,1.5078814722023381,6.554223335853,9.154402730188822,155,83,345.14435695400016,560.3674540660011,
2026-03-24T18:03:00-07:00,27.85,1.5204953074047562,6.511721546303099,9.214153211766835,156,83,339.23884514299993,560.3674540660011,
2026-03-24T18:03:01-07:00,27.866666666666667,1.522110872504573,6.511721546303099,9.214153211766835,156,83,338.5826771640002,560.3674540660011,
2026-03-24T18:03:05-07:00,27.933333333333334,1.5289148870595721,6.4915891196742,9.242729152120349,157,83,339.8950131220001,561.679790024001,
2026-03-24T18:03:06-07:00,27.95,1.5301265608844348,6.4915891196742,9.242729152120349,157,83,340.5511811009999,562.3359580030008,
2026-03-24T18:03:11-07:00,28.033333333333335,1.5352777280680823,4.299391553416199,13.95546305902875,159,82,344.488188975,566.2729658770008,
2026-03-24T18:03:16-07:00,28.116666666666667,1.5448965541239164,5.990515390243799,10.01583271077418,158,83,348.42519684900014,570.2099737510009,
2026-03-24T18:03:21-07:00,28.2,1.555577924918476,6.115783822601399,9.810680321672734,155,83,356.95538057599987,578.7401574780006,
2026-03-24T18:03:28-07:00,28.316666666666666,1.56998752286646,7.075429491912299,8.480050584714908,155,82,360.89238845,582.6771653520007,
2026-03-24T18:03:34-07:00,28.416666666666668,1.5811162809194304,6.9702934861836,8.607958921519016,158,80,364.17322834500004,585.9580052470008,
2026-03-24T18:03:39-07:00,28.5,1.5859754036427265,4.216624910608499,14.229389920134354,160,77,365.48556430299993,587.2703412050007,
2026-03-24T18:03:44-07:00,28.583333333333332,1.5931149586415334,5.948013600693899,10.087401278470574,157,83,364.8293963240002,587.2703412050007,
2026-03-24T18:03:49-07:00,28.666666666666668,1.6016028891274956,5.657211882720899,10.605931197885827,157,83,364.8293963240002,587.2703412050007,
2026-03-24T18:03:56-07:00,28.783333333333335,1.6141545872106895,6.033017179793699,9.945272524825086,158,84,364.17322834500004,587.2703412050007,
2026-03-24T18:03:57-07:00,28.8,1.6159689910920225,6.073282033051499,9.879337016373206,158,84,364.17322834500004,587.2703412050007,
2026-03-24T18:04:04-07:00,28.916666666666668,1.6284585520559929,6.2410522549589995,9.613763440664249,158,82,361.54855642900014,587.2703412050007,
2026-03-24T18:04:05-07:00,28.933333333333334,1.6300492623081204,6.261184681587899,9.582851018025458,158,82,361.54855642900014,587.2703412050007,
2026-03-24T18:04:06-07:00,28.95,1.6316648274079375,6.283554044508899,9.548736204860539,159,82,360.89238845,587.2703412050007,
2026-03-24T18:04:09-07:00,29.0,1.637232313290384,6.323818897766699,9.48793774299726,160,81,360.23622047099985,587.2703412050007,
2026-03-24T18:04:16-07:00,29.116666666666667,1.6498275073570348,6.3864531139455,9.394886164431963,159,82,356.95538057599987,587.2703412050007,
2026-03-24T18:04:17-07:00,29.133333333333333,1.651679193509902,6.4088224768665,9.36209424064686,159,82,356.2992125970001,587.2703412050007,
2026-03-24T18:04:24-07:00,29.25,1.6645477909011372,6.4915891196742,9.242729152120349,159,83,355.6430446179999,587.2703412050007,
2026-03-24T18:04:25-07:00,29.266666666666666,1.6664429730374613,6.4915891196742,9.242729152120349,160,83,355.6430446179999,587.2703412050007,
2026-03-24T18:04:32-07:00,29.383333333333333,1.678926320289509,6.554223335853,9.154402730188822,158,83,356.2992125970001,587.9265091840009,
2026-03-24T18:04:35-07:00,29.433333333333334,1.6841831205758369,6.5743557624819,9.126369513253914,158,82,356.2992125970001,587.9265091840009,
2026-03-24T18:04:43-07:00,29.566666666666666,1.6975550286327843,6.534090909224099,9.182608695464998,159,82,354.33070866,587.9265091840009,
2026-03-24T18:04:45-07:00,29.6,1.7009166467827885,6.534090909224099,9.182608695464998,159,82,353.6745406809999,587.9265091840009,
2026-03-24T18:04:52-07:00,29.716666666666665,1.713493199713672,6.511721546303099,9.214153211766835,160,82,350.3937007859999,587.9265091840009,
2026-03-24T18:04:56-07:00,29.783333333333335,1.7209869362920542,6.511721546303099,9.214153211766835,161,82,349.7375328070001,587.9265091840009,
2026-03-24T18:05:00-07:00,29.85,1.72807056788356,6.511721546303099,9.214153211766835,160,81,351.7060367440002,589.895013121001,
2026-03-24T18:05:02-07:00,29.883333333333333,1.7313762626262625,6.511721546303099,9.214153211766835,159,80,351.7060367440002,589.895013121001,
2026-03-24T18:05:07-07:00,29.966666666666665,1.7397274914499326,6.471456693045299,9.271482889544851,160,83,349.7375328070001,589.895013121001,
2026-03-24T18:05:14-07:00,30.083333333333332,1.7514651932712957,6.366320687316599,9.424595923911896,161,82,346.4566929120001,589.895013121001,
2026-03-24T18:05:22-07:00,30.216666666666665,1.7648619561759324,6.3461882606877,9.45449418380446,163,83,345.14435695400016,589.895013121001,
2026-03-24T18:05:24-07:00,30.25,1.7682173606140141,6.3461882606877,9.45449418380446,164,83,344.488188975,589.895013121001,
2026-03-24T18:05:32-07:00,30.383333333333333,1.7815209178398155,6.283554044508899,9.548736204860539,166,83,345.80052493299996,591.207349079001,
2026-03-24T18:05:34-07:00,30.416666666666668,1.7852367175693946,6.261184681587899,9.582851018025458,168,82,345.80052493299996,591.207349079001,
2026-03-24T18:05:41-07:00,30.533333333333335,1.7977200648214429,6.2410522549589995,9.613763440664249,167,81,346.4566929120001,591.8635170580012,
2026-03-24T18:05:43-07:00,30.566666666666666,1.8011997434979719,6.2410522549589995,9.613763440664249,167,81,346.4566929120001,591.8635170580012,
2026-03-24T18:05:46-07:00,30.616666666666667,1.8062204227312495,6.261184681587899,9.582851018025458,164,82,346.4566929120001,591.8635170580012,
2026-03-24T18:05:50-07:00,30.683333333333334,1.8129560864551022,6.2410522549589995,9.613763440664249,163,82,345.80052493299996,591.8635170580012,
2026-03-24T18:05:53-07:00,30.733333333333334,1.8180699713672155,6.2410522549589995,9.613763440664249,166,82,345.14435695400016,591.8635170580012,
2026-03-24T18:05:57-07:00,30.8,1.8230471546170364,6.198550465409099,9.679682424919978,168,82,345.14435695400016,591.8635170580012,
2026-03-24T18:06:03-07:00,30.9,1.832342867652907,5.594577666542099,10.724670131728612,168,82,346.4566929120001,593.1758530160012,
2026-03-24T18:06:05-07:00,30.933333333333334,1.836220223892468,5.885379384515099,10.194754845858325,167,83,348.42519684900014,595.1443569530012,
2026-03-24T18:06:07-07:00,30.966666666666665,1.8399298099101247,5.865246957886199,10.229748283544339,165,82,351.7060367440002,598.4251968480012,
2026-03-24T18:06:11-07:00,31.033333333333335,1.8480138491211326,6.010647816872699,9.982285076089786,162,82,354.33070866,601.0498687640011,
2026-03-24T18:06:15-07:00,31.1,1.85586176727909,6.135916249230299,9.778490703409863,162,83,356.95538057599987,603.674540680001,
2026-03-24T18:06:21-07:00,31.2,1.8669532430605265,6.323818897766699,9.48793774299726,165,83,357.611548555,604.3307086590012,
2026-03-24T18:06:23-07:00,31.233333333333334,1.8707871033166308,6.3864531139455,9.394886164431963,166,83,358.26771653400016,604.9868766380014,
2026-03-24T18:06:30-07:00,31.35,1.8842770719001032,6.511721546303099,9.214153211766835,168,83,364.17322834500004,610.8923884490013,
2026-03-24T18:06:31-07:00,31.366666666666667,1.8860417660860573,6.511721546303099,9.214153211766835,169,83,364.8293963240002,611.5485564280013,
2026-03-24T18:06:38-07:00,31.483333333333334,1.8990905611230413,6.616857552031799,9.06774847851699,169,83,366.7979002609999,613.517060365001,
2026-03-24T18:06:44-07:00,31.583333333333332,1.9086472500596516,6.6369899786607,9.040242669178717,170,82,368.11023621900017,614.8293963230013,
2026-03-24T18:06:49-07:00,31.666666666666668,1.9128228644714864,3.9862204725221995,15.051851851545036,170,0,370.734908135,617.4540682390011,
2026-03-24T18:06:53-07:00,31.733333333333334,1.9147615425912672,1.1274158912183998,53.21904761796281,166,0,370.07874015599987,617.4540682390011,
2026-03-24T18:06:55-07:00,31.766666666666666,1.9169239143402528,1.6486220472776998,36.394029850004415,164,82,369.4225721770001,617.4540682390011,
2026-03-24T18:07:00-07:00,31.85,1.9266359460749223,6.554223335853,9.154402730188822,161,83,367.45406824,617.4540682390011,
2026-03-24T18:07:06-07:00,31.95,1.9378082001113497,6.534090909224099,9.182608695464998,160,83,368.7664041979999,618.7664041970011,
2026-03-24T18:07:13-07:00,32.06666666666667,1.950931559691402,6.594488189110799,9.098507462501104,162,83,372.7034120720001,622.7034120710013,
2026-03-24T18:07:16-07:00,32.11666666666667,1.9563996261830907,6.657122405289599,9.012903225622733,163,83,374.01574803,624.0157480290011,
2026-03-24T18:07:22-07:00,32.21666666666667,1.96660875487155,6.657122405289599,9.012903225622733,165,83,372.04724409299996,624.0157480290011,
2026-03-24T18:07:28-07:00,32.31666666666667,1.9773646902091784,6.534090909224099,9.182608695464998,164,83,370.734908135,624.0157480290011,
2026-03-24T18:07:31-07:00,32.36666666666667,1.9825158573928259,6.534090909224099,9.182608695464998,164,83,370.734908135,624.0157480290011,
2026-03-24T18:07:32-07:00,32.38333333333333,1.984218414459556,6.511721546303099,9.214153211766835,164,83,370.734908135,624.0157480290011,
2026-03-24T18:07:38-07:00,32.483333333333334,1.995452805615207,6.4915891196742,9.242729152120349,165,83,370.734908135,624.0157480290011,
2026-03-24T18:07:41-07:00,32.53333333333333,2.0008338801399828,6.4915891196742,9.242729152120349,165,82,370.734908135,624.0157480290011,
2026-03-24T18:07:44-07:00,32.583333333333336,2.0058918416447944,6.4915891196742,9.242729152120349,166,82,370.734908135,624.0157480290011,
